0,B00119TXES
468,B01MFHX6SJ
469,B00ITHF9XY
470,B01EREBKQM
471,B00IOK4GY4
472,B01DDH15SC
473,B01I47RFJO
474,B07BKR8HBT
475,B01I42K49M
476,B00VUQ98J2
477,B002NSME0Q
478,B002NSMDWA
479,B005N2JGIM
480,B002NSMDUM
481,B002NSMDXY
482,B00OB5DCIC
483,B002NSMFH8
484,B01GFQFGFQ
485,B013RM2Z9Q
486,B01MG3A1I0
487,B074M3SNT6
488,B0777FBFTH
489,B075WRQJSN
490,B075XHG4GF
491,B0759RCNWZ
492,B074FBWQRG
493,B076C468FV
494,B06XBZHDRP
495,B07BXT5Y69
496,B01MCVH2L4
497,B00UCL4DPK
498,B075PRYCD2
499,B01MG4ZXYF
500,B075SH1C45
501,B074SH3MG7
502,B0771CL638
503,B077392FYH
504,B01MFEL3LA
505,B074DRMH51
506,B075WRMGHS
507,B0747JGRV8
508,B01KX1PLJA
509,B076Z1SRXM
510,B01M31R0DS
511,B01LZM8HKM
512,B072J8XR4R
513,B07BT14VH3
514,B077VW21KD
515,B078X6HWZ9
516,B076H91J3B
517,B075D3FZLP
518,B0757HDSCG
519,B00PAM8ZFU
520,B016UK7Y0M
521,B073TWBHCX
522,B079FG4189
523,B01DWFJ8ZC
524,B00T5F51LE
525,B079YXVRLQ
526,B071WJ9XBP
527,B06ZZC9SCR
528,B074MP7NRL
529,B076PKPC3W
530,B071CPM9NW
531,B071LQQG32
532,B0143ZUOHQ
533,B074X841DC
534,B0778H8CW1
535,B073298ZSR
536,B07CJTHTLV
537,B07CQJNMTW
538,B074RF1TT1
539,B0776H7K8Q
540,B01JTOCNKM
541,B0776YKFHJ
542,B01LAJSMIQ
543,B0761P67ZR
544,B072WX7ZWY
545,B00UCJ9OAG
546,B072822Z3N
547,B0756DJ93Y
548,B0779W3SHZ
549,B071JLWNVL
550,B01LZRBSZR
551,B07C9BZWPL
552,B01MSY8Y20
553,B07C2ZNTFR
554,B01L37MFTW
555,B00LYTB1WM
556,B019NSQHH4
557,B075QZRYXS
558,B073XH9DH9
559,B073XMDVDG
560,B00TAFSE1S
561,B071KFMM1T
562,B01K29WERA
563,B0717B7NTY
564,B06XB8KH9V
565,B01DTZV3GC
566,B077Q8BXS7
567,B015RL2SGA
568,B00PH05K9O
569,B01I6BFPXG
570,B017JRTYOY
571,B01LX2WYQL
572,B01KBRJU5M
573,B078KVWRN8
574,B01NCAUSSF
575,B06ZXWPMMX
576,B0773HD1B1
577,B0749CY7LF
578,B076K2YKHQ
579,B074C4WG1R
580,B074CSP7LV
581,B0722PRZ38
582,B01HLW8D08
583,B076WX2ZGH
584,B06XJFMQJV
585,B06XQN9CTL
586,B075RBGPSL
587,B0721M4BBS
588,B0798TW1PC
589,B01BN41II4
590,B00IEDARLW
591,B00I4PO4PA
592,B07C7YCHVQ
593,B077S2JHTD
594,B07BFXHCLC
595,B07B5WYLXT
596,B00M1ZT558
597,B01B6PSLC6
598,B076P7NHGC
599,B076PCX5XB
600,B075H37N74
601,B06XCDP6F9
602,B07BHKXH6K
603,1506202217
604,B01LZAV25E
605,B005LVOXSI
606,B00KZ1J2GW
607,B005HILW98
608,B072SJGVPJ
609,B019NNHT5I
610,B01BFZF4JA
611,B0714BQC91
612,B007IJ20Z4
613,B0773QWNMN
614,B015UIJOZS
615,B00E5K8YDQ
616,B01D2D31GQ
617,B01CS2OFNK
618,B07BXS46ZP
619,B01H1BMXGO
620,0692838694
621,B073P49J3X
622,B000GOZXA2
623,1496371933
624,B00M1ZT738
625,B07DCYS5W6
626,B0073J9K0W
627,B00PY8BV1A
628,B000SKF9VW
629,B01FV18OO6
630,B009MPP58G
631,B07BRDF58W
632,B00QESFO80
633,1937163121
634,1541361105
635,B01H7MDFHS
636,B0074J2BSY
637,B01M1UZTLG
638,B06Y4BP95G
639,B00WAXEC2M
640,B0741TNFFY
641,0803638272
642,B003AGV8RU
643,B01HAXUE9G
644,1533081964
645,B00WAXEERK
646,B01MRLH80P
647,0323358519
648,B002JFR8Q8
649,B00RW2LTAY
650,B002MB4GHS
651,B00WAXEEU2
652,B076CTRTCY
653,B01412DXU6
654,B004QOTYSA
655,B06XKXPDKS
656,B00NGVSOUI
657,B00004Y9KL
658,B0000CEOOA
659,B0000CAQ8I
660,B0000CAQ8O
661,B0001LS35M
662,B00J893KL0
663,B000067SR9
664,B0001MKU48
665,B005BDZN62
666,B001RUMJ0G
667,B076WQJTRQ
668,B000NLQ6J0
669,B07173ZJWY
670,B06XWWN4D3
671,B01MRBSBHD
672,
673,
674,
675,
676,B06XNX118G
677,B075NQTYX3
678,B06X3V1BSC
679,B01MXCMTQA
680,B06X3SCH45
681,B00TV405KQ
682,B079YC41DV
683,B004VMW146
684,B018RGM9XY
685,B076Z63KY8
686,B07684HJ6H
687,B01MQQBK59
688,B06X3TXZX4
689,B0767Q1PSX
690,B011CCT3L6
691,B074H18DMF
692,B07346Q6GZ
693,B0767QYQ82
694,B074K5LMV5
695,B074QKSSMR
696,B0736B4SM3
697,B01N5Y88ZD
698,B01H482N6E
699,B01INPJG4O
700,B07C425KKN
701,B0766431MZ
702,B01M7UUEYV
703,B074N3TFK7
704,B072BGN4F7
705,B071RS2L7H
706,B01C49MJRG
707,B01GW3R8Y4
708,B0742SXKV9
709,B06X9DC5WQ
710,B06XK9L2W5
711,B072QXF6CS
712,B074XSG2TN
713,B076GCKYYL
714,B071R4G9RN
715,B071J556YV
716,B06ZYC63R8
717,B01N5PX1D3
718,B06ZZBSSW2
719,B0727TCS8S
720,B0182U6WVA
721,B01FH7OJLQ
722,B01LQ9B7WI
723,B0722HP7JZ
724,B01FLJN9RK
725,B072QCW4B8
726,B01M0YR2LC
727,B01GKRZ0PQ
728,B075Z3T8P5
729,B071X7HZBN
730,B073G2GXRX
731,0470482087
732,B0015ZZLLC
733,B00OPGKF82
734,B07552MMMY
735,B0754SWYHF
736,B0754X399H
737,B075523R58
738,B07559FF93
739,B0754ZX5XY
740,B072BKQ7J1
741,B0754R518C
742,B071NP47X2
743,B0784K56G6
744,B07553CP6Q
745,B07552MKH1
746,B0754R51V7
747,B0754SJ5TN
748,B075MVVXKV
749,B0755B8WFM
750,B0754ZX87M
751,B01M7SG9GY
752,B0754W6T3Y
753,B0755593QP
754,B075511XNH
755,B077QY7Y15
756,B075MR91DM
757,B073ZT1ZRK
758,B07557C3NR
759,B0754ZLG94
760,B079X7W15X
761,B075571CPJ
762,B01MCV7HQG
763,B073XGFYGL
764,B075ZNN393
765,B07552MN2H
766,B07555919M
767,B0791ZJPV5
768,B074RKYJCH
769,B07FMW46LQ
770,B07557TG8X
771,B07551ZK21
772,B077225DZF
773,B075542XJT
774,B075Y3L3W4
775,B075511V7M
776,B01N7SSUPD
777,B00QH7IJGM
778,B0754R4ZVD
779,B075BF3TGX
780,B07556MPDC
781,B071W1V8HC
782,B077BHWRHF
783,B0754X39BR
784,B014IUGOUC
785,B01M1CBARH
786,B0754ZX8QQ
787,B073X2RL4S
788,B01M1NZQGZ
789,B071NP47X1
790,B07662CQ8S
791,B01J9PLUHI
792,B01BY0YUD2
793,B07194LKSP
794,B01N7W5XZI
795,B074ZMYJC3
796,B01M11Q1S9
797,B0747JLNRV
798,B014W42U48
799,B07555935G
800,B074XFCWPX
801,B01N5AJE82
802,B07CRF3QDV
803,B071ZZQ44B
804,B00YA9APL6
805,B074CT46GQ
806,B079KNRHGP
807,B01IRF33IK
808,B01MYEFY8Y
809,B075MVCMNY
810,B076PZBM9J
811,B0156LNQLW
812,B008B9HSX4
813,B01MA5E3DQ
814,B075BD5DX6
815,B06X9G486S
816,B075MTR6VH
817,B07FPT5S2X
818,B07551ZJTF
819,197480142X
820,B078BVMD41
821,B072HPVK4S
822,B016UJGSA0
823,B06XH114RN
824,B0156K1LUG
825,B01G6T2R3G
826,B01LZPM6F0
827,B07361W52R
828,B01GE5WOXA
829,B071HX938G
830,B00WV8MGF6
831,B01MZDZTNL
832,B01MZH2G8H
833,B0198VZ20E
834,B0742WGM92
835,B00IUL6P1E
836,B06XT5CJBV
837,B00WBGIT3Q
838,B00IUL6O74
839,B00MX0WPQW
840,B07C8J4MRT
841,B01J3TL78M
842,B00JTW95QA
843,B01J3T2L5A
844,B01N7ZBUJ9
845,B01N5WLUOR
846,B073LXZSM4
847,B01LZYZEX0
848,B00EAEGD26
849,B01LC9W2IU
850,B005BQYJP0
851,B076L6CWCD
852,B01J3T2KRE
853,B00IUL6O6U
854,B01N4VB87U
855,B07DKSZ7G8
856,B01N2L12CH
857,B071WNYQWP
858,B078L3MY8G
859,B07FKKLGD3
860,B073XW4KGJ
861,B078XQS7MH
862,B076BCZ4K5
863,B0745BB71G
864,B01MRIIET7
865,B01DWHKCVO
866,B07732WT7P
867,B07F7ZZ8GM
868,B01K1XEWP4
869,B07C7JBZFR
870,B0743P8FZ6
871,0545200873
872,B06XBBXTK2
873,B074KDPXZ4
874,B01JKAPS3Y
875,B07BMSRMVJ
876,B007ZS9ZGU
877,B072MPC9NZ
878,B073V14DZJ
879,B06ZYY3Z3S
880,B07BLX14DL
881,B00NLZUM36
882,1483815854
883,B075YV41GQ
884,B00006IEEU
885,B073XW69K3
886,B01N6EO42O
887,B073ZN67KR
888,B0096E59S4
889,B014X5AJUS
890,B015EOTDXG
891,B0187SKYKM
892,B00PNCIU7A
893,B014DEK9OU
894,B00LU31AAU
895,B011SP9FQA
896,B07CQ93G5H
897,B079H29M7W
898,B07CQD9729
899,B07CR9RZ1V
900,B079H2CDZJ
901,B07CQD2MMX
902,B074SYG2XP
903,160516156X
904,B071WT88B2
905,B07CQD27VS
906,1469326043
907,B071G96MJL
908,B07CR9J85Y
909,B07CQCS5KD
910,B07CTPQ92L
911,B00WWGMBYS
912,B0759W37J1
913,B07CQB1N31
914,B07CQ7W64K
915,B07CQ8WWLR
916,B07CR9RZ1Z
917,B07CR9LPW9
918,B07CQB388F
919,B07D5R7HY1
920,B01J3SJZPK
921,B077HTJ82Q
922,B01IQECAYK
923,B01HEP0HAG
924,B01IQECAYU
925,B01IWXRWUM
926,B0759MDGQ2
927,B073L8PGQP
928,B01G4HV4D4
929,B074STB1Y1
930,B0745FGPL7
931,B01FUYC8ZA
932,B01B7AQQH2
933,B06WPB6DXC
934,B01DO5WOFQ
935,B01B5GAVI8
936,B073FTFMGK
937,B07CCZX8MN
938,B01LEMGZZG
939,B079ZSVP82
940,B075254445
941,B018ZGFCC6
942,B0788YKWZQ
943,B01LBFAPCA
944,B00U1GLIS6
945,B01MR9P94T
946,B01J3SJZFA
947,B079JGMNMG
948,B01IAQC0I0
949,B01N0PC26M
950,B01AXAU1KU
951,B01NBYND27
952,B01DZEFUAW
953,B07BFB2SZJ
954,B01A9BBUIA
955,B07B62TYP9
956,B0186CR574
957,B01NBJ4YC0
958,B01L080RK8
959,B01N2SFRRL
960,B075299JH4
961,B01HOG5I6S
962,B075J3569Q
963,B06XXGSC14
964,B01MTBDPQW
965,B072DW2K3N
966,B074WK12KQ
967,B01MSY5M3P
968,B071HV6MCW
969,B079F9D96J
970,B06XBCKL5N
971,B074JS9Q4M
972,B01BZHSZ6C
973,B072M57S55
974,B01IGY376U
975,B0148YIB9K
976,B074DYKBFN
977,B01DRM5NYU
978,B01BW8OYD2
979,B01CPU6NWG
980,B01GKQNODM
981,B074NF7MXZ
982,B01IF5Q4Z6
983,B01IF5Q33E
984,B01E7L7ZVO
985,B072NFJV3K
986,B01N9BGPSO
987,B06XPT5697
988,B0714B7831
989,B01IQ8IGQM
990,B01F2TF5C6
991,B06WVD9DNT
992,B06XTV2WCL
993,B072BBMVPL
994,B0193UTXKU
995,B01MTC7M1X
996,B06XRJNC4K
997,B01N4D0SA0
998,B075LWM6R3
999,B01DY2Z4N8
1000,B013XFTXGU
1001,B06ZYH4Z5V
1002,B01GRZZV2S
1003,B06XYP7G7P
1004,B06X9LJFVD
1005,B014U6V3HI
1006,B01KY4EXIQ
1007,B07895XNP4
1008,
1009,
1010,
1011,
1012,
1013,B076QZNM7P
1014,B01BSYHX3S
1015,1939380286
1016,B073QTQRW5
1017,1939380278
1018,
1019,
1020,1484780760
1021,B075B49Y3B
1022,B074JPVS7Z
1023,B079H4CB52
1024,B074MSLQRW
1025,B077NMWD7C
1026,B072N93M7N
1027,B073HYLBQB
1028,B075DD7FJR
1029,B071NN33LJ
1030,B074JNKZC7
1031,B00L408P5W
1032,1419727052
1033,B01L1BLM4Y
1034,B01L1BLJ7O
1035,
1036,
1037,
1038,
1039,
1040,B01DWPGJOA
1041,B01IDXMYYA
1042,B00L3NC8A8
1043,B07288WHNH
1044,B0198HHXA0
1045,B01GIV2WRS
1046,B01GIV2WSM
1047,B00HL2UVL8
1048,B003RXQ2N6
1049,B00BCXF342
1050,B003RXQ0JM
1051,B01GIV2WVE
1052,B00HL1SWUQ
1053,B06ZY8XKFH
1054,B0030GWFC2
1055,B01LYR7PQD
1056,B00HL2W1FC
1057,B003RXQ0YW
1058,B0083HZ41C
1059,B0083HZR32
1060,B003MXHQKO
1061,B0054GMVO8
1062,B00KMENVYQ
1063,B000WEG0H6
1064,B004UJB61E
1065,B003RXQ3DK
1066,B00L3NC8G2
1067,B00JXE641I
1068,B00NHZS2Z0
1069,B0054GMTMC
1070,B005UZP0ZU
1071,B01CUWMQ0C
1072,B00HL28YGM
1073,B00L3NCA74
1074,B0198HI0C0
1075,B005DZKSOU
1076,B003RXWARI
1077,B00HL1SWVK
1078,B01CNZP47I
1079,B002WCVW5Q
1080,B00L3NC8AS
1081,B01M1YQGOW
1082,B00GJ7PG2K
1083,B00L3NC8AI
1084,B01CER8Z1C
1085,B006LUTKRW
1086,B00L3NC8DU
1087,B006KGFWOM
1088,B01HWBCMVY
1089,B00NHZS2NM
1090,B0746RB32C
1091,B072M61C9N
1092,B0198HHVP2
1093,B0785N6L9R
1094,B005YAIEKY
1095,B01LZL5QBK
1096,B0096NBLQE
1097,B01MQ5MK7D
1098,B00GOM3NTI
1099,B003N63K3M
1100,B01MRAC0M9
1101,B07BZSSCH6
1102,B01NCNZRX8
1103,B07CV39BKJ
1104,B017BFHOHS
1105,B07BNR7WHF
1106,B01N6SX0GV
1107,B017BFS7HY
1108,B07BQK5VRN
1109,B01MZ257KS
1110,B01NCJ418A
1111,B073K3VVHH
1112,B07BQN2KXL
1113,B073SGN6D1
1114,B078HDBP3C
1115,B077G78784
1116,B06XXKRQSN
1117,B078Y8C2GR
1118,B077HNRZXT
1119,B00L5FY6HC
1120,B07CTR639B
1121,B07CK1HR55
1122,B07BJ929G8
1123,B073F8YNBB
1124,B0748D79LQ
1125,B06Y3BBMWM
1126,B00YNN5DM0
1127,B07C62BTZX
1128,B078Y37TNC
1129,B079FZ4NNS
1130,B075VZ6NWM
1131,B01HUDQPOO
1132,B07BZT7F2R
1133,B01N5FU7HJ
1134,B07BKTTBTK
1135,B01N28J1LK
1136,B078WPZJ63
1137,B07CV2WWGF
1138,B073VXSC6P
1139,B07CK87MDN
1140,B00YNN5C08
1141,B072MP17BB
1142,B00NIQSVCW
1143,B074XSS186
1144,B00YNN5FBO
1145,B01NC0V2JQ
1146,B07CJQ22KX
1147,B07C42VZBC
1148,B01M1ODWF7
1149,B00YNN6JW8
1150,B01MXIRQQL
1151,B01JSW9ME0
1152,B07BQ6GQZY
1153,B00ZGIHDNI
1154,B01N7TM5U9
1155,B071KNJK8Y
1156,B075VZBF8T
1157,B01NGU88CP
1158,B00HDK1POK
1159,B077VXH81W
1160,B00LMGBLS6
1161,B06XP88CLY
1162,B07BZQ8P8L
1163,B00594LUEC
1164,B07738HHLY
1165,B06XFQ7HH7
1166,B00JBEFSFS
1167,B00H95VSF0
1168,B06XPFG2HK
1169,B078HD5ZQK
1170,B00QRRX3Y0
1171,B079W2Z7MZ
1172,B07738N4DP
1173,B00V9Y2CN4
1174,B00RC52AMC
1175,B001EJMRS4
1176,B07BD12JVJ
1177,B07733MNSB
1178,B01DEY2362
1179,B074V4RM5C
1180,B010SRHGM4
1181,B076Q222JF
1182,1426320701
1183,B01HR1RHVO
1184,B07CBQMFX7
1185,B07DMYFVNT
1186,B076V1XMKL
1187,B078NDCX6Q
1188,B079J5H42S
1189,B07BJF229J
1190,B078RTKGX2
1191,B071DDXW3S
1192,B07CH4LGZL
1193,B07F1G5W7Q
1194,B077W6M1Y2
1195,B01MXOVRM3
1196,B01NH0T7KC
1197,B01M5EZIVB
1198,B07B938P5Z
1199,B079FJMF1M
1200,B075ZN9DJT
1201,B075ZNGYMS
1202,B07CQBX3D8
1203,B07D3SX7GW
1204,B07B6BCDBX
1205,B077MJS2CR
1206,B07CG1MR7D
1207,B079WF4HKK
1208,B07CZYNM76
1209,B075T3BL29
1210,B0151LWJNS
1211,B078HSVP7K
1212,B0791ZSC5S
1213,B07CGM2Q8N
1214,B06Y61YL8Z
1215,B06Y18YRGS
1216,B079BW3WRP
1217,B0791Y2SWJ
1218,B0791W96ZB
1219,B009IH0LBY
1220,B06Y5YZQPY
1221,B07C7VT4PS
1222,B07BTXLCRW
1223,B07CGR71Q6
1224,B07C82P8NV
1225,B078HQQTJ3
1226,B0791YWB8W
1227,B0791Y1LQM
1228,B00FPNT9KO
1229,B07C7X6ZWD
1230,B07C7JVJ2B
1231,B0798NL88D
1232,B074S5484G
1233,
1234,
1235,
1236,
1237,B01M68GLAB
1238,B00USQY0CK
1239,B006WPGZAG
1240,B01J5A06OU
1241,B0002E1O2C
1242,B00CAV0TRQ
1243,B01H74YV56
1244,B0773JVKNM
1245,B0798VGJXG
1246,B0788VYYTY
1247,B078MYTQ5Q
1248,B078ZRKHGR
1249,B07BGRZT2B
1250,B01B0NZZJ6
1251,B01LWMMZ78
1252,B078G8XH57
1253,B078GWC63M
1254,B07CJYYP9B
1255,B07B8ZM54J
1256,B075F8TZ14
1257,B072QDDB49
1258,B071FXQHMG
1259,B06XJZZF53
1260,B006JMHR7C
1261,B06XHJNPR6
1262,B075F9NSVH
1263,B077ZY8X5Y
1264,B07D1WY9NL
1265,B07BGVYF4G
1266,B07BGTXK7H
1267,B077SZM9BP
1268,B01AT244GO
1269,B07B78JZQC
1270,B00SVEP6VK
1271,B073DKR8ZH
1272,B07D4MKMKN
1273,B07CY7FTGH
1274,B07D2KWXZH
1275,B079DKM9JW
1276,B07DFQFP37
1277,B0082A067W
1278,B00TEBF9BQ
1279,B06ZZQJNZ1
1280,B0145HDJIS
1281,B011GWI39K
1282,B078FMWQXP
1283,B074VGLPHK
1284,B073ZPNLJ3
1285,B06XGK83KH
1286,B015WX11HK
1287,B075SM7V35
1288,B06WWGPZCD
1289,B078BYKL99
1290,B01MUF8G5L
1291,B06WLJ746N
1292,B06XB3W31S
1293,B07BVZ6CSN
1294,B073VPJT5T
1295,B07457SKBW
1296,B071NBMTML
1297,B01MTLP4YI
1298,B07167M4RX
1299,B00GO4W2S4
1300,B00627GJZA
1301,B07CT85MDM
1302,B073TQZZTY
1303,B071471T54
1304,B0744C6W77
1305,B074LJWC1H
1306,B076MVDP6D
1307,B01DET8BBI
1308,B071LDMFSS
1309,
1310,
1311,
1312,
1313,
1314,B07C3GJXLR
1315,B00V2N638W
1316,B06Y6FLPFM
1317,
1318,
1319,
1320,
1321,
1322,
1323,
1324,B00T2UBRZQ
1325,B00064X764
1326,B000AMSRU8
1327,B07B64T2V9
1328,B0765MNS5S
1329,B0791VZ9G5
1330,B072N9G1DS
1331,B079878GNM
1332,B071JW9SYW
1333,B00064X7D2
1334,B008XJM7SS
1335,B079PDLQV5
1336,B077TZX4FP
1337,B074QD4L7P
1338,B001AP11L6
1339,B000002KOJ
1340,B0000E2PY6
1341,B000002GXL
1342,B00065MDRW
1343,B000CNE11O
1344,B004ETLJVW
1345,B000000WH7
1346,B073234TNM
1347,B00005MAG8
1348,B00T2UBS4G
1349,B0018CWW7S
1350,B000001FOL
1351,B00004WGY9
1352,B0000084J7
1353,B000040OBS
1354,B00CL8D83U
1355,B01LE2GF3S
1356,B011ECVYTS
1357,B000000HWP
1358,B000024ZXA
1359,B000LZ6DOQ
1360,B000006ULH
1361,B000002U2S
1362,B000003BR8
1363,B00004TJWD
1364,B000008L29
1365,B00006AKOH
1366,B0000E2PY4
1367,B00009AQI0
1368,B000002IUZ
1369,B00004RC8F
1370,B01FU9LL3A
1371,B011ECWEKQ
1372,B00V55INJE
1373,B073W8VN53
1374,B01DXKOHSO
1375,B00JWDDXYG
1376,B00XOXLMWU
1377,B00G46WGAG
1378,B01MXZ0EKQ
1379,B075G2PM17
1380,B00KPWYKOK
1381,B0051BUGCA
1382,B016JAV6WK
1383,B009NQUPZW
1384,B00KPX1TQ6
1385,B005UP9YYI
1386,B01BTLY00E
1387,B01GCRPYTQ
1388,B00LV3KQ0O
1389,B00V4G1DE6
1390,B01L6UHWMQ
1391,B00JERC00S
1392,B00VPQWHJ0
1393,B00UX02JWE
1394,B01GD4ZQRS
1395,B00GYHT8PG
1396,B00NBJ3PQS
1397,B00V49S2NI
1398,B0009SUF08
1399,B00V45GWTI
1400,B00V45GWMU
1401,B00JWV3JBA
1402,B0173FP7WA
1403,
1404,
1405,B01N1Q9KEQ
1406,B00K7C7THI
1407,B00K7C7TRI
1408,B00K7C833W
1409,B00K7C7TP0
1410,B00ELQJ9O2
1411,B000TGOLCI
1412,B00X4N3SLI
1413,B001TBBQT8
1414,B00QDA8D6E
1415,B00EKW01MQ
1416,B072K1SWND
1417,B00UBA5E3M
1418,B01DJQCI24
1419,B00U89ZNNC
1420,B0029SEK98
1421,B00K7C7TTG
1422,B00DUL8M38
1423,B0761XW9PW
1424,B07734P3D6
1425,B01EKCNV3G
1426,B075ZZLSJW
1427,B07628L61W
1428,B00B4GB7BK
1429,B06XB7WVR7
1430,B075SH6FD3
1431,B07628RD5X
1432,B077DCBHQR
1433,B078CYV4QP
1434,B000EQ6BC6
1435,B06Y28W39C
1436,B079K8B7DY
1437,B0777TTJS1
1438,B00XUX2IAO
1439,B073RWM3MS
1440,B078H9GNKW
1441,B074B4BCBV
1442,B071X63GDD
1443,B07C9QS16Q
1444,B00ZUNEZWQ
1445,B07CLH78QH
1446,B06VXMSM84
1447,B01HP3VXNM
1448,B0797XS93F
1449,B07BMB2X4X
1450,B01M4O32OW
1451,B00PQ66YSA
1452,B0753YPS6N
1453,B078TSP8KY
1454,B07BYQV6KF
1455,B00121083U
1456,B01M8JB1CV
1457,B00HN53994
1458,B01BN0MJOK
1459,B07CQ759K6
1460,B07C29YJ15
1461,B017BR91GI
1462,B07BS3238N
1463,B079FQX63S
1464,B01ATQM6JC
1465,B077Q8BXS7
1466,B01DGCKW8S
1467,B075THNTG2
1468,B01N7OA4RW
1469,B073TZPLML
1470,B072LN1L3G
1471,B078J5W5Z2
1472,B07DLGR1MV
1473,B077QLVK8W
1474,B00KRYL71U
1475,B079XSZDHK
1476,B0777T1K97
1477,B077TQWHLR
1478,B07B9P4677
1479,B0775F3D2C
1480,B00SH46VR2
1481,B06Y4CJVQY
1482,B004A15870
1483,B06XW542VY
1484,B01MQTDUWP
1485,B07BTBCQ8D
1486,B07612XJRK
1487,B01E14NIEA
1488,B07BMQYJKY
1489,B00LV09QVW
1490,B00LW42EMU
1491,B00LV0DJ42
1492,B00LEXTZ6M
1493,B00LV0KS64
1494,B01N19RAR3
1495,B00LV7G0SW
1496,B078WZYWKW
1497,B00KHZZBSY
1498,B00QKZ0J28
1499,B0789SMYF1
1500,B00QKZ0I38
1501,B002OCCE2Y
1502,B001GNC8RI
1503,B01MAW3C58
1504,B003K1LWGM
1505,B01BMZOE6W
1506,B002JAQCBK
1507,B002OHDSMO
1508,B00X6SY2SO
1509,B002FYCMPA
1510,B00KI1L4A6
1511,B00C46I104
1512,B00K89LJ94
1513,B01572REP4
1514,B00LEW4LIA
1515,B00R70AVIM
1516,B00LV79VLU
1517,B003CZIHR8
1518,B00720KKVK
1519,B00JP5ECCI
1520,B01LE9SA48
1521,B075RY7HJ5
1522,B06XFSWDVZ
1523,B071VMP41M
1524,B01NBJXS4B
1525,B07797HGNC
1526,B07CP48SNC
1527,B01NB139HK
1528,B0773L27YK
1529,B01N079QBB
1530,B018G5BEFA
1531,B078YP9CPG
1532,B00LFGENZ6
1533,B06XQ1FFSY
1534,B073FHGYR9
1535,B00LFGEO32
1536,B079FWQ47J
1537,B075NK2Y79
1538,B01FU1KBI4
1539,B075NJLCBN
1540,B01M0GTDXR
1541,B079BB1991
1542,B074X9L1DW
1543,B00BX8V9K8
1544,B00LVNUNX4
1545,B00B4QY3FW
1546,B00BX8V6CY
1547,B01D5HEJ6A
1548,B00LVNUHAI
1549,B00LVNV446
1550,B00MA7062I
1551,B00LVNVCQQ
1552,B00NBSPZBW
1553,B00LVNUHOY
1554,B00MA705VU
1555,B010677UVI
1556,B078MWM6NQ
1557,B00NPNSOQ6
1558,B07BS94H8G
1559,B0119US7UY
1560,B0079K8VLY
1561,B00LVNUO60
1562,B00MA7029U
1563,B00N9Y5JGY
1564,B00NBSPHHY
1565,B075671DBQ
1566,B01N1MQ77Y
1567,B01JGT76XY
1568,B00BX8V6C4
1569,B0724ZL1PT
1570,B009Q6ND0S
1571,B079P45T2N
1572,B07C81BKKX
1573,B0119V9TSM
1574,B078S4YKKK
1575,B07482KY8C
1576,B010MEOXQ0
1577,B06VT8MT4P
1578,B06XMXV1CH
1579,B000FIXGCQ
1580,B009Q6NCZ4
1581,B001CIB0W6
1582,B004DNWNEG
1583,B00O7P85L0
1584,B00NOU4I4M
1585,B004DNWMN8
1586,B071G1GK29
1587,B079DF961J
1588,B010687M10
1589,B0747MGPHR
1590,B07BZZ6GBF
1591,B00NOU4KVS
1592,B07D27CLV6
1593,B0796PDZ2K
1594,B01LDSUS9A
1595,B01CODQFJ0
1596,B01N5EZ6UN
1597,B07BMS4MK7
1598,B0110LU2RI
1599,B07BW7CZTY
1600,B00MA7027C
1601,B01N9TRCUP
1602,B00JL6K22K
1603,B074FCVHTN
1604,B00NPNSFSS
1605,B07BFSH8HV
1606,B010T6Q5JE
1607,B010686CIY
1608,B00NOU50JO
1609,B00ZGQEXL0
1610,B00K11KD32
1611,B07BL2M7ZN
1612,B0778K4X8P
1613,B004DNWN3C
1614,B06W553LMH
1615,B00VZA4R8U
1616,B004DNWNF0
1617,B07CRDC37F
1618,B079VJVLXJ
1619,B011GP9USK
1620,B00MA702HW
1621,B01N0NFQTN
1622,B076K41ZTG
1623,B019XHBF18
1624,B076H1KDV7
1625,B01LXNLXYE
1626,B01N6ECMA7
1627,B071J924QN
1628,B01N2K63MT
1629,B00M3GYN1G
1630,B01L6EC056
1631,B00U7L6AJM
1632,B076Z76138
1633,B0744FW6R6
1634,B016DKGKEK
1635,B077WY2J6G
1636,B01835P5B2
1637,B073VF72ZB
1638,B015OTBQAO
1639,B01KZWALQ0
1640,B015RIFLBW
1641,B01NBKVPG1
1642,B076M7GF71
1643,B0131JMDG0
1644,B07BLNKLX2
1645,B06Y99DHL7
1646,B075XZT2S8
1647,B015OTBOV0
1648,B01MT3K6YC
1649,B01K36K7CQ
1650,B01MT3K8UI
1651,B06XFYB6LP
1652,B019QS06DM
1653,B06XFQQR8L
1654,B07349PFVY
1655,B01M6DI7ZZ
1656,B01K36KAWI
1657,B01FK5B02G
1658,B077WZ38Y6
1659,B07598LNS9
1660,B071CY6TTX
1661,B01835P8N2
1662,B00QIK8NLE
1663,B0170Z1SGW
1664,B01MD1QI67
1665,B019QRZZ52
1666,B01LZZUM13
1667,B077V6PKPC
1668,B07B8VNVJD
1669,B0170Z1SD0
1670,B01FIN7Z9M
1671,B06XGCVPJV
1672,B07BZHCP42
1673,B075FP8XC1
1674,B0131JMCL6
1675,B01K36K46K
1676,B07CJP7BLZ
1677,B0195L0JZA
1678,B01843O8NY
1679,B06XG8X591
1680,B01835PF58
1681,B0759GN49S
1682,B06ZZ5XMML
1683,B073VGGCFQ
1684,B06ZZG9GRP
1685,B0744JC4WN
1686,B00R0OAZA4
1687,B06XV1CW1X
1688,B01L8KT8LW
1689,B07B1R428C
1690,B01FIN7N7G
1691,B06ZZGGJXN
1692,B072PTGC4W
1693,B019QS0D9E
1694,B07C1B97P9
1695,B075FNXRSF
1696,B077BXBRL3
1697,B01FIN89E2
1698,B07CRBW89M
1699,B015OTBS1G
1700,B07CVYMG76
1701,B01EO0JHGY
1702,B01GVU5B1K
1703,B06XGBQ22N
1704,B0732229SR
1705,B01N4IHLF4
1706,B0783TLXLM
1707,B01FIN84TM
1708,B06ZZSBQK9
1709,B07B5JLMWF
1710,B00O61LB0C
1711,B076VSB4Y9
1712,B015OTBVAE
1713,B00B99YZZ2
1714,B01AH051L0
1715,B00OOU053Y
1716,B01AH00BLA
1717,B00I5IGWQ0
1718,B006FAXPRO
1719,B01IIZIC3K
1720,B00I67KPJA
1721,B01IIB9XDC
1722,B01AH0EPJ4
1723,B00M2OWUQO
1724,B00LL2NJTA
1725,B00R2LE0Q0
1726,B011SIDR84
1727,B071JX2VGJ
1728,B01AH008K4
1729,B078GQWN8P
1730,B012Y1HMEO
1731,B07CX31K3V
1732,B075Y7RQQB
1733,B01J2RZYXY
1734,B01MY8AMVZ
1735,B01BUJQTXQ
1736,B075Y2Y98K
1737,B00LFAXBVO
1738,B01IJCO2R2
1739,B0793T4NQD
1740,B07BVSD4HM
1741,B0169V0FVC
1742,B01MY8AGZN
1743,B0721LRM8T
1744,B013BP489Y
1745,B07CTSQ61B
1746,B00VX2A6NA
1747,B077951D7B
1748,B00I5IGSUA
1749,B0753862SN
1750,B07793M7R2
1751,B07B4Y4H6B
1752,B07114PGBK
1753,B011RLVJEQ
1754,B074QNYHB3
1755,B01IIB9X2I
1756,B01JIL730Q
1757,B01IJCO2I6
1758,B01DDEYCIA
1759,B013J9XJ38
1760,B072T3WVPC
1761,B01IIPVTGC
1762,B07D9H53J3
1763,B0012G6KX2
1764,B077J2JX7J
1765,B00I19WNMU
1766,B00MAAAVR0
1767,B00L32UUUY
1768,B07C5WQHJK
1769,B07BVBWMN9
1770,B01MZ6YL4D
1771,B07C2RQM7H
1772,B01MY7EKMN
1773,B004S91NXM
1774,B077H4M1MY
1775,B074PQ8CBD
1776,B0199S7FRE
1777,B07BWKC4QJ
1778,B008KK0ZJ8
1779,B00TTD9BRC
1780,B01KKAH6MO
1781,B01NATVQ1V
1782,B007HJEF6W
1783,B015OHJQ6W
1784,B000VK8G9G
1785,B07CDRPPJS
1786,B00C1YQHRS
1787,B00ITS9FM4
1788,B07CDS8VZV
1789,B07FDS4RFR
1790,B01KKAH6QK
1791,B000VK6QTI
1792,B01DKACB3U
1793,B01DK53OOK
1794,B07FF6L1TK
1795,B07FP1F1YW
1796,B0734R1CVP
1797,B0035WTMF4
1798,B071KGJ4BQ
1799,B01MUA8VG0
1800,B01KKAH6RE
1801,B000VK9ZJG
1802,B002WJH3DY
1803,B074JG7812
1804,B074VDH4N2
1805,B005GNNW9W
1806,B01M9I1NLB
1807,B015OHJPOA
1808,B07792MRF2
1809,B072BVXL6Z
1810,B01NASSRWW
1811,B00HCN768M
1812,B07C6VX1FS
1813,B078KW7RGR
1814,B01C9CACF4
1815,B01MT8NOB6
1816,B00553XFNG
1817,B00EJCM1RA
1818,B077H6NWYN
1819,B01KPT2MTM
1820,B008J8RCU6
1821,B00N3SKV1E
1822,B0187AO1JA
1823,B01M6UKGYQ
1824,B07FDZQ7GN
1825,B00EJCM1UW
1826,B07B215NMH
1827,B01EHYZ9LY
1828,B07BC8ZFD9
1829,B0749T3FS5
1830,B01M7XJG01
1831,B01KKAH6M4
1832,B00UX8D7PE
1833,B06Y1GMRZP
1834,B004TPLVSC
1835,B01CIVKBKC
1836,B00L613IK6
1837,B000MX3UXE
1838,B0007USMVW
1839,B073VMMPD6
1840,B07D1VHDNV
1841,B00CIPLXOW
1842,B07F1X3BQ1
1843,B0077G3N90
1844,B003P9WFVU
1845,B07DYCHLZG
1846,B000VK6PIK
1847,B01IYLN382
1848,B01MYZM7ZL
1849,B071XDMRKY
1850,B00DVKQQ18
1851,B01H64LGQ4
1852,B06X913FWS
1853,B00OBUETO8
1854,B00DS4SIFE
1855,B07CQ9RZWZ
1856,B01AJLF31A
1857,B072JW9KLJ
1858,B00U3FMP2I
1859,B07FF345BT
1860,B015RJZBS4
1861,B07CLMV449
1862,B01MA1JP52
1863,B01CSNMMIO
1864,B07F1Q2M16
1865,B011X69MQM
1866,B01MRRSYK0
1867,B011X69LB8
1868,B00AZW1J62
1869,B008HZ6IRY
1870,B07F5D6RN3
1871,B012HQ2YHG
1872,B0054MPM2K
1873,B076P2XQ7J
1874,B078PKD6V3
1875,B011VOTDEC
1876,B01N1O46OL
1877,B0007YYB7C
1878,B072BNRL4W
1879,B00MBW2NOQ
1880,B00CHHS5LA
1881,B005TYUDMC
1882,B00MBVQ4JC
1883,B00MFRDZZ8
1884,B00RND6RL8
1885,B016X4J1QU
1886,B00MBVWE96
1887,B005TYI23O
1888,B00OY0WRDA
1889,B00NASAVY4
1890,B00QDIB2MS
1891,B00MFRE2KK
1892,B00JI8FGGI
1893,B00SCUOX7Q
1894,B002BJDIVQ
1895,B00T7VX050
1896,B00Q8KT05W
1897,B00NEBGF4C
1898,B00UPGLT5Y
1899,B00IM62VNS
1900,B00ILK6IS4
1901,B019ELXPR0
1902,B00MKLWV5Y
1903,B00NASAZRM
1904,B00MBVQ66I
1905,B00Q8KEYUI
1906,B006VOVMOW
1907,B002UCPBVY
1908,B005TYOZUI
1909,B00UPFSH1Y
1910,B00MBVWF0E
1911,B00NMCU9ZO
1912,B00RA98H6S
1913,B00UPFVSR4
1914,B00CHHS59C
1915,B00NASB42W
1916,B00II5BE7C
1917,B00IM62X3Q
1918,B00NBHX68W
1919,B00GS9C7V2
1920,B00KHTXMRM
1921,B00TM78TEQ
1922,B01MTM21Q6
1923,B00KHTXMMM
1924,B00A8EYYQ4
1925,B01M2X4KM2
1926,B00506WXWW
1927,B008S0I1Q4
1928,B004OTA8G4
1929,B01M6WQ1JV
1930,B004WTK5QE
1931,B00MT6S9VA
1932,B008OY458C
1933,B008WTWUFO
1934,B00FM9KNSI
1935,B002QHSH0A
1936,B00AQ5CIUY
1937,B00QYZ6MLG
1938,B000GIQS02
1939,B00E7TMONG
1940,B00AQ5CIYK
1941,B00TAC3MQI
1942,B00MT3IMZQ
1943,B008P5SVVM
1944,B00E9M4XEE
1945,B00M8JEICM
1946,B00IOTPWHK
1947,B008Q22MYG
1948,B002JNM8YM
1949,B01HFMYTIY
1950,B00EIO4I7A
1951,B00EYDJU50
1952,B01LXI43NV
1953,B01M6A0KR0
1954,B008P4BZPW
1955,B06XC5XTRQ
1956,B011JA7SCC
1957,B014LDT0ZM
1958,B01GGO21EG
1959,B001LXMUW6
1960,B07239H2Z8
1961,B008QHPVO4
1962,B01M63YCPL
1963,B01M7PL43L
1964,B01MAW94OI
1965,B00P9IV4DU
1966,B01JNUHA5A
1967,B00WZPOWHK
1968,B01D52PM0M
1969,
1970,
1971,B07F6F3CJ9
1972,B07BPF2BTT
1973,B07883GPXF
1974,B01N7ST3DT
1975,B002RWJ8RK
1976,B01L95W2PK
1977,B01LYJMUGP
1978,B07DCQH9H4
1979,B01L9659FY
1980,B01NCVY6CL
1981,B01L97F4I0
1982,B07DPKXWJ6
1983,B079MGF8MQ
1984,B0744DMSZ4
1985,B00LAM9ZQC
1986,B00WFJUPCC
1987,B01AIS7DCG
1988,B00X8SY2QO
1989,B01BWZVEBK
1990,B00SGW1L6G
1991,B01MAZBZEQ
1992,B073X3CJLD
1993,B00E7TR8AK
1994,B0743BK5F9
1995,B00WTX50VA
1996,B00WTX54CU
1997,B00WTX66VS
1998,B00WTX50QK
1999,B00WTX4JB2
2000,B00WTX63L6
2001,B00WTX5KJW
2002,B00WTX604G
2003,B00WTX4WT6
2004,B00WTX50LU
2005,B00WTX54A2
2006,B00WTX50OM
2007,B00WTX5OBG
2008,B00WTX5S94
2009,B00WTX50TM
2010,B00WTX5OFM
2011,B00WTX4SFE
2012,B00WTX5FPG
2013,B00WTX60DW
2014,B00WTX5RFO
2015,B00WTX62VC
2016,B00WTX4EXK
2017,B00WTX5O9S
2018,B00WTX5AY2
2019,B00WTX57MC
2020,B00BM1H6NK
2021,B00X5K9NYQ
2022,
2023,
2024,B01J4ALYME
2025,B01N4H4FM1
2026,B0756XQD7K
2027,B01M3Y329U
2028,B0186FTIGC
2029,B01J4ALX2K
2030,B01GKZNWTO
2031,B01GE5D98Y
2032,B002PMXX32
2033,B01L99VNHE
2034,
2035,
2036,
2037,
2038,
2039,
2040,B07BLT8XVG
2041,B06XCRVDPW
2042,B0110HR4U0
2043,B01M0M7D1F
2044,B071NQFHLL
2045,B00IZFDJ32
2046,B00Q9JAQ9Q
2047,B01MY9NXWB
2048,1619639939
2049,B00WU20H6I
2050,B071VM3BKW
2051,B06XR1BQ8B
2052,B01N6O543D
2053,B015QAUHPG
2054,B000X3373Q
2055,B000BR4VM0
2056,B017MV0RCU
2057,B0000BW4S1
2058,B0000BYSPN
2059,B000EOPDT0
2060,B01KGEMAFW
2061,B000A2YAS6
2062,B00GKEHSJQ
2063,B01LVXSI3M
2064,B077J94GMS
2065,B01L9SW9R8
2066,B01LW901LI
2067,B00M08DR4Q
2068,B01N9I3S0D
2069,B01EH2UZ7O
2070,B00Z8QVYGA
2071,B01ETLZERO
2072,B013KT6QH8
2073,B013C3FKFQ
2074,B013C2RYNI
2075,B01JZKVIX8
2076,B013C2S8Z6
2077,B013OBQVSG
2078,B013KTIP9A
2079,B013KSWLCI
2080,B013KTEHEM
2081,B013C3G96K
2082,B01JZKYY8Y
2083,B01JZKTXIU
2084,B013C341BU
2085,B01JZKWINM
2086,B01K2QVZLY
2087,B013KT6YYI
2088,B013KRTW0S
2089,B013C43656
2090,B01JZWBTAI
2091,B013KS7H1I
2092,B013C28ETG
2093,B013KT8CAW
2094,B013KTJSNC
2095,B013KTKHT6
2096,B013KT4PY4
2097,
2098,
2099,
2100,
2101,B003IGID52
2102,B0025TZ2IO
2103,B004WNFWZE
2104,1440351783
2105,B001B2NOKE
2106,B003CTJFDE
2107,B004L87XRA
2108,B00KK6X7CW
2109,B01M3VMDED
2110,1523501154
2111,B00F38T9C4
2112,1942021321
2113,B01M71S9DU
2114,B004BNAIHW
2115,B005HF562K
2116,B0044JOS6K
2117,B016BI5DII
2118,B0008G8G8Y
2119,B007THB150
2120,B00MTIGBT0
2121,B007PMO9TE
2122,1592539866
2123,B017UCSY62
2124,B0009WFNY2
2125,B00TM8605K
2126,B019ECPTZK
2127,B01GG286OM
2128,B003UCL77U
2129,B00DVBPA1E
2130,B075NKDSBZ
2131,B01MQXCMN0
2132,0997046538
2133,B0095FFTP2
2134,B000SHWBUC
2135,B0027IW9GG
2136,B008UGGICK
2137,B000EWYCX0
2138,B01GFMC4LO
2139,
2140,
2141,
2142,
2143,
2144,B008M7RCTU
2145,B008M7RUII
2146,B008M7RYAM
2147,B008M7RAXI
2148,B008M7RK0Q
2149,B008M7RYDE
2150,B008M7RWEA
2151,B008M7RFSI
2152,B008M7RTFC
2153,B008M7RX4E
2154,B008M7RSI0
2155,B008M7RX5I
2156,B008M7RRBI
2157,B008M7RW9K
2158,B008M7RC1I
2159,B008M7RTI4
2160,B008M7RB00
2161,B008M7RBSC
2162,B008M7RJ1Q
2163,B008M7RX62
2164,B008M7RBP0
2165,B008M7RESY
2166,B008M7RS94
2167,B008M7RCYA
2168,B00955MRX4
2169,B00BMGUDT4
2170,B008YDQNWY
2171,B00IP3H890
2172,B004Y3U7PM
2173,B006Q67LZ4
2174,B007EMQUB0
2175,B004GB1WGA
2176,B00811TZNS
2177,B004L63FK6
2178,B0058LT8NQ
2179,B00D3Y1AQS
2180,B004A15J7Y
2181,B004LQ0586
2182,B079BF943N
2183,B01N7CGZ8E
2184,B002V8GXAK
2185,B073CN6BJT
2186,B004LQ057W
2187,B01DK4SCI4
2188,B01LZCV78K
2189,B00436F2BY
2190,B071JB6DYN
2191,B01LC5XQG6
2192,B01LC5XH74
2193,B01LC5XONQ
2194,B01LXE9O9U
2195,B01LC5XNGY
2196,B01LZCVBT0
2197,B01L8KKXCA
2198,B01H04O9WS
2199,B00E8ZK3CI
2200,
2201,
2202,
2203,B012O1XJNC
2204,B00B6F9KXG
2205,B00HAZXPPK
2206,B002UJ1DD2
2207,B079VKDR86
2208,B01LPU0TMM
2209,B000ID0H7K
2210,B01066VKYW
2211,B002626OLY
2212,B0147TZSEM
2213,B00B6F88N4
2214,B0772DJLPV
2215,B00HW1TLYQ
2216,B00N78GDQ2
2217,B01M4JBKVH
2218,B0731SJ1VM
2219,B00A2X5672
2220,B076KR4VDM
2221,B00IIFFEPU
2222,B074P9N3XP
2223,B0169JWQBG
2224,B06XPPDB9F
2225,B016E452NK
2226,B009RSYOQ2
2227,B01M3PRWH6
2228,B00AU6LIK0
2229,B01D1HU4N6
2230,B01KW9OH5W
2231,B0083GNLHC
2232,B0086WQQI4
2233,B000P1B9KE
2234,B077T3BMQ1
2235,B00EVY2SKG
2236,B008ROPJXE
2237,B005H7DRQA
2238,B06WP4L1K8
2239,B001ECZOKY
2240,B000BO8Z9I
2241,B001CS2Q4M
2242,B0735TM8DV
2243,B003IS3HV0
2244,B00BVZ5ZR6
2245,B003EMABT6
2246,B017E1YE2W
2247,B01MT0WOYO
2248,B07CQT4QKD
2249,B074QRNHB7
2250,B0748HRBMX
2251,B0196T93QC
2252,0374533555
2253,B07CXKR4NW
2254,B07D4P8ZPY
2255,B074YHBG46
2256,B0009IQZH0
2257,B00CS8DT00
2258,B000LV7W4K
2259,B00K32VXTW
2260,B00K75MW40
2261,B01M9JKECQ
2262,B07652XWMH
2263,B016212SLO
2264,B06ZZSQQTD
2265,B01B5ECU3O
2266,B00JIIZCM6
2267,B01N4X05DP
2268,B00Y35W0II
2269,B0056DFVXW
2270,B0716NDLFW
2271,B07FPDCYDK
2272,B072DY72SD
2273,B00HU6N3LK
2274,B07CR3TH69
2275,B001QD40R4
2276,B06WD6R96X
2277,B00XMZ4IVM
2278,B017OFOP68
2279,B06X9SC73L
2280,B07DHWW23K
2281,B01D2M4G0C
2282,B00ESY49Y2
2283,B003XJENAS
2284,B005FEOA98
2285,B00J17D8CU
2286,B07841VHF3
2287,B07BTL7H7N
2288,B003F0PIPE
2289,B00GQOW1M4
2290,B001NQ2J5E
2291,B0016CQ6AO
2292,B07CMHH2LV
2293,B077S8C2BK
2294,B00JRYHGYI
2295,B00PHPYAP4
2296,B00G8QI6CO
2297,B0779KFMQL
2298,B00DU268U6
2299,B003F0PIKY
2300,B01D93FKPO
2301,B00DSPADA6
2302,B00DSPCFX4
2303,B00DSP7QDI
2304,B00Q89MZ8C
2305,B00DSP95PK
2306,B01H41M8S4
2307,B07CMFX135
2308,B073CD9TGS
2309,B07D2LM5RR
2310,B008RYMYFA
2311,B07BT2CJSW
2312,B07CKMX8GB
2313,B06XCGZFHG
2314,B07BHQ41RH
2315,B01MG84QWW
2316,B07CMFX135
2317,B073CD9TGS
2318,B07D2LM5RR
2319,B008RYMYFA
2320,B07BT2CJSW
2321,B07CKMX8GB
2322,B06XCGZFHG
2323,B07BHQ41RH
2324,B01MG84QWW
2325,B00K5BLRYW
2326,B07C91J4BB
2327,B01G7TXF2M
2328,
2329,B00K5BLRYW
2330,B07C91J4BB
2331,B01G7TXF2M
2332,
2333,B00A36RHLG
2334,B00PIRQOD2
2335,B00PIRQON2
2336,B00PIRQRTI
2337,B00Y6SALEM
2338,B004SH6XJS
2339,B00H3RC6FK
2340,B001KSKD5I
2341,B004JA9GA2
2342,B0026N1SKK
2343,B000VKYLZE
2344,B004JB0PNS
2345,B004JAZ7GY
2346,B000EQPNHA
2347,B0081SSJB0
2348,B00H3RBI36
2349,B004SH6XIO
2350,B001AS4Z84
2351,B004JAZ7K0
2352,B004SH9RDM
2353,B00H3R9FTK
2354,B004JAVQQ4
2355,B00H3RCFYW
2356,B001DRA2GQ
2357,B004JJWOJS
2358,B000EQM1JS
2359,B000EQM6DE
2360,B004JA3ZXG
2361,B000EQK0Q4
2362,B00H3R9PJA
2363,B00VGYZRWK
2364,B001OJXVKW
2365,B00H4PFKTK
2366,B00CQOI0TG
2367,B06Y271X8D
2368,B00G2UR08W
2369,B00IJPOR02
2370,B01ICK7I54
2371,B00775PDN0
2372,B00H4P0HTI
2373,B005OK7P3G
2374,B003MAI9NU
2375,B001GFMDGM
2376,B005EO55UC
2377,B00ILRB7WE
2378,B01N4OZM0R
2379,B00I95MMKY
2380,B004HIQ9CY
2381,B00KFNDWSY
2382,B00743PN08
2383,B00YQ2P4VS
2384,B004495MF6
2385,B002UOGVX4
2386,B00JFF48I6
2387,B001GFBC7S
2388,B077XQ9RYS
2389,B007KPY9SM
2390,B06XC5FD6D
2391,B00DTVA3CC
2392,B00VXQEFYM
2393,1603588248
2394,B004H6YD1K
2395,B01LZ5WN3H
2396,B01DJFJRG0
2397,B00HZWHGJ4
2398,B07575W69B
2399,B004USPG3O
2400,B004ZG48IA
2401,B073Q4X892
2402,B01BKZAIPU
2403,B00LSGOG1Y
2404,B004HIIXAA
2405,B0058HWV9S
2406,B00ZS8F73Y
2407,B07FNSG7SG
2408,B003AVNK0S
2409,B00J5J8H2K
2410,B01DJFJS78
2411,B001EO5RG8
2412,B00D1W1JQS
2413,B01BDX35R2
2414,B00AH8FASM
2415,B0098U0S8C
2416,B00V73ZXPG
2417,B002BQ351M
2418,B008HFOLXW
2419,B00Q5FQ4SG
2420,B0735KWGMW
2421,B00126349K
2422,B004TBCT4G
2423,B006X1DCVO
2424,B007C5U1BO
2425,B0070TZ7UM
2426,B0039ITKR4
2427,B00CQ7QN8I
2428,B071LJP9KS
2429,B00028NW6Y
2430,B00B3A0D4O
2431,B00XB2YFBE
2432,B00T141WFS
2433,B00IS9DKBG
2434,B001GFDQS6
2435,B00K6OAS3O
2436,B007JL639A
2437,B01N81AV6S
2438,B001FVIRHQ
2439,B01HDZ1WJ2
2440,B005H41FVC
2441,B00TUHMZU2
2442,B0036ZFV3M
2443,B01K5PTSUC
2444,B000R8YKCE
2445,B003QMMOYO
2446,B00EHT6PU4
2447,B000EBOYN4
2448,B01MU0MHFQ
2449,B00EIPDTL0
2450,B000EDS06E
2451,B0189IUPYA
2452,B00FNND0A6
2453,B003NCVPBK
2454,B003NCVPAG
2455,B00067WBGS
2456,B000EBOYMK
2457,B000EBOYM0
2458,B001689LD2
2459,B001BL8978
2460,B00EHW6EUW
2461,B003QMMOT4
2462,B000EBIMWI
2463,B000EJRATG
2464,B000EDS064
2465,B000EDS02S
2466,B009K16T32
2467,B00TESU0LS
2468,B00EHTBOAA
2469,B0718YSRBH
2470,B0061TXSU8
2471,B00BXDRR40
2472,B00KBUGQNY
2473,B00OPXL2PA
2474,B000EDW0CO
2475,B003QMMOZ8
2476,B003QP3DZ0
2477,B0162YZ64C
2478,B0061TXSMG
2479,B000BWAP20
2480,B06Y5JBVW5
2481,B01LPXEHTA
2482,B07814S47W
2483,B07BMFDSYM
2484,B01MF8ZRCO
2485,B01NCIX021
2486,B075KP1SG1
2487,B01M7NN0JS
2488,B01J5FHQSE
2489,B01MA4CV71
2490,B01GB7X4C6
2491,B003TVI62Q
2492,B07B9X34B8
2493,B00JQH5YZE
2494,B003TVKZ70
2495,B01JS62ZNG
2496,B001W7AXKC
2497,B014HHQ41K
2498,B014HHQ9UQ
2499,B00JQH60LQ
2500,B003TVP8NQ
2501,B014HHQU9G
2502,B014HHQQFE
2503,B003TVIYBE
2504,B004O0TJ5Y
2505,B00INV6R00
2506,B00BTPS1G0
2507,B0029U0XFG
2508,
2509,
2510,
2511,
2512,
2513,B0000035IB
2514,B0000035FO
2515,B07BSMKM2G
2516,B0007M42Z0
2517,B0000035FE
2518,B0085RYD08
2519,B000OCZ9R8
2520,B01FK8XMC4
2521,B000002MTC
2522,B0000036R8
2523,B00000I428
2524,B000G03Q5U
2525,B079NBPH7S
2526,B0026T4RPC
2527,B079236SJ3
2528,B06XWPFZ26
2529,B00000JHAR
2530,B01G454YUQ
2531,B0788YKX3C
2532,B000002MH5
2533,B073W71HDN
2534,B00RUT3DTE
2535,B00TJFXH5W
2536,B000002LO1
2537,B073Z9DQML
2538,B000002KGT
2539,B0094EDBM2
2540,B0007M42ZA
2541,B000003TAR
2542,B06Y4DGVZC
2543,B000003TB9
2544,B000000M03
2545,B0003JAIYG
2546,B01BG4551M
2547,B0718ZCS6B
2548,B0000035F3
2549,B002JN74VY
2550,B00VVZUPIU
2551,B000IOMXXA
2552,B000000IO5
2553,B004JAUCQE
2554,B0018JKFT8
2555,B000002HD5
2556,B002T921QQ
2557,B00A6RVRXG
2558,B004ETLJVW
2559,B000EPFCLI
2560,B0055HVELM
2561,B005DLBKNW
2562,B000RGSOP0
2563,B00000JH3F
2564,B003E1QC4A
2565,B000002MYC
2566,B008L5FFNI
2567,B00000AFHM
2568,B0016MJ2QE
2569,B00000581V
2570,B00009V8WO
2571,B000000M1Y
2572,B00006JLX4
2573,B000GUK0HM
2574,B000003TB0
2575,B000005JAM
2576,B00000581R
2577,B0000257JW
2578,B00KZJX8QY
2579,B00E0P8WTW
2580,B0000035DZ
2581,B003E1QCEA
2582,B000002TXE
2583,B00000JHAL
2584,B003UN58WO
2585,B003UN58WE
2586,B00W8MKP08
2587,B006ONOT40
2588,B000002LB9
2589,B06XSJ9RN5
2590,B0089N7SUK
2591,B004KNM3HQ
2592,B000CQQHRM
2593,B000003L0Y
2594,B004KNM3C6
2595,B000006P0F
2596,B001E7QLJW
2597,B0722KPJWD
2598,B005ERWUZC
2599,B0000027SB
2600,B00HACNQC0
2601,B000001FNS
2602,B0000036TL
2603,B00005QK5X
2604,B00008GEKS
2605,B0026BD2II
2606,B000003TBS
2607,B00004C4OA
2608,B01BGXXBHI
2609,B000066I6F
2610,B004W6QBOM
2611,B004WMMOC4
2612,B001GA5CHY
2613,
2614,B004XOJ3YI
2615,B00005Y87H
2616,B00005Y806
2617,B00005Y82W
2618,B00005MM0D
2619,B00005Y7YX
2620,B01I0CLLD4
2621,B003PNFM7A
2622,B078YMWXMH
2623,B000T9G86C
2624,B00FC4YPF0
2625,B00GQ5FQV6
2626,B01M0H0K9J
2627,B00BRQ5C1I
2628,B017NRIXYM
2629,B01CVMSFFQ
2630,B019OO4IY6
2631,B0183ITSB2
2632,B000RY68PA
2633,B000RKL8R2
2634,B005L9Z0AK
2635,B00GXMYJLU
2636,B0002GZOS0
2637,B017E84614
2638,B01HEQFC7S
2639,B00PQZJMAI
2640,B00JQYUAQU
2641,B009A3PYQ8
2642,B000RWJQRE
2643,B00CTWEY9K
2644,B0002ZO5Z4
2645,B0002E53O2
2646,B006HR1H1Q
2647,B000SMLJI2
2648,B002PAW6AU
2649,B00GZE3UJ8
2650,B007E69TPA
2651,B000NJ2TIE
2652,B00O5EL7S6
2653,B0006NMUJK
2654,B00O5ELFU6
2655,B00080KNH2
2656,B000RMQM4E
2657,B00080KNG8
2658,B009GUUER4
2659,B01FHBONUY
2660,B0000AQRSU
2661,B01JY2JEWE
2662,B01KH4E2P2
2663,B00076XOXC
2664,B001PGXKCS
2665,B0749L15PF
2666,B01M1KZZPE
2667,B016QVPERU
2668,B0721SV4HN
2669,B000CZ0R42
2670,B004443DZ2
2671,B00IEVDOXC
2672,B000S91BI8
2673,B005HGM1D6
2674,B01GF6TULW
2675,B01MYX328O
2676,B004NNVPJU
2677,B001CR64BE
2678,B00KO8VY4O
2679,B01JNLTTKS
2680,B000IF51WO
2681,B0006NMUJA
2682,B001UJCHMO
2683,B000RLKOT4
2684,B000KUA8G6
2685,B005EHINVM
2686,B000KUA8GQ
2687,B00GRKXRMK
2688,B00KO8VYMG
2689,B01G3JJ4HQ
2690,B00O5EKZ9I
2691,B010SK4TJY
2692,B00PIWB2SO
2693,B00TB3HPA0
2694,B01GGUTOFE
2695,B00O5UFMX6
2696,B01MEHFUHW
2697,B00OT7HSBO
2698,B0013Y1G5K
2699,B000068O3I
2700,B000PO1H94
2701,B004PO10E2
2702,B0176HBU1C
2703,B074W6S6K9
2704,B003JNLKYK
2705,B00J14G7OO
2706,B000UJHIS8
2707,B00KO8W060
2708,B000RLBYZW
2709,B000068O58
2710,B000CCSWQA
2711,B00L88SB5O
2712,B071VCK1FG
2713,B000068O1K
2714,B00356J8KE
2715,B00PBJZH2Q
2716,B010PZTP0U
2717,B00TMRSGNA
2718,B00ZJHA95U
2719,B017FG7NFG
2720,B00WRJ4OJ0
2721,B00O6KUJU6
2722,B00Z4D3COE
2723,B000N27K8A
2724,B00UKVT23K
2725,B014F0IPPM
2726,B013MMOJNQ
2727,B00Q8WZHSE
2728,B00WAHTU02
2729,B000RDI4NU
2730,B013OCH2E2
2731,B00TQK74CC
2732,B00QSNWKBU
2733,B00NT7FWHC
2734,B001F5XE16
2735,B00VR5CEEW
2736,B0015V1OH6
2737,B000MS5W58
2738,B00QQTBT8G
2739,
2740,
2741,
2742,
2743,
2744,
2745,
2746,
2747,B015CY8YPG
2748,B01J124K6W
2749,B079KGWF2T
2750,B0777R7F7B
2751,B079K59VDF
2752,B079JWM8RD
2753,B079LNMV7K
2754,B0777STP5V
2755,B079JW9CPP
2756,B079K54L36
2757,B079K572CN
2758,B015CY8RS0
2759,B0777S4KHP
2760,B0777S4KH2
2761,B079JXWGXJ
2762,B00H1UXIEC
2763,B07BS2Q2XJ
2764,B0777SC14Z
2765,B0777HFG4Y
2766,B0777NB14S
2767,B079K8HR4V
2768,B076FTFYTZ
2769,B06X6GRRT3
2770,B0777N6NG2
2771,B076N37G3G
2772,B0777STP65
2773,B0777HFBRS
2774,B075NG69XK
2775,B01NC07XMC
2776,B079K576F9
2777,B0777S8YJL
2778,B0094JBXOA
2779,B079K9Y1GM
2780,B07575SGLS
2781,B079LZ4X86
2782,B079JZR7T4
2783,B015EB287C
2784,B0756KMCDQ
2785,B0777N9X6D
2786,B009F7OQY0
2787,B01IKOZNAO
2788,B07B4P1MQ8
2789,B01J124EX6
2790,B07B4P84DF
2791,B07521QPSL
2792,B0777NB14V
2793,B078HNXHD6
2794,B0777S4KH6
2795,B0756LPZ9B
2796,B0777S6XVF
2797,B01MQTQESM
2798,B01NBIAKIL
2799,B0753MJ83C
2800,B01IKOZNDG
2801,B074YSLVQZ
2802,B00FZMXQ3Q
2803,B0756L6F3C
2804,B01IKOZN40
2805,B0777N9X61
2806,B075VTYDPK
2807,B0777HFBSY
2808,B01N4U5TD7
2809,B01J124GAC
2810,B01MSDJM7Z
2811,B076VNLY8G
2812,B01NBIADYO
2813,B01J124FCG
2814,B06WD947L8
2815,B00H1UXIAG
2816,B079JV46G8
2817,B0777HFHL3
2818,B079LSWJ8T
2819,B076Q6YJ2V
2820,B01MTYBTBZ
2821,B079JV2YZQ
2822,B079JWBL7J
2823,B01AT5MI50
2824,B076QCW6GV
2825,B078HNBMSJ
2826,B01AT5MISM
2827,B079JSS2TY
2828,B01AT5MIB4
2829,B01IKOZN4K
2830,B075NCWHC4
2831,B00DG1XZNY
2832,B075NG69XB
2833,B0777N6NG1
2834,B01JMYPFWW
2835,B014V91QY4
2836,B0777N8WY2
2837,B0777NB14N
2838,B0777SC15F
2839,B0777NB157
2840,B015CY8RT4
2841,
2842,B015LBMXD4
2843,B017S832TC
2844,B0171F4EIK
2845,B01827255U
2846,B01F4C5K2G
2847,B079M2SLXL
2848,B00V82AAYU
2849,B01DTC3QZ6
2850,B017S8XEAE
2851,B002VZSYAK
2852,B011X87GYA
2853,B01CY65O3A
2854,B06Y46YQC1
2855,B013LC7NWQ
2856,B01F28RDKE
2857,B01EWO8EXY
2858,B01G1JOU8Q
2859,B00V5ZVW5G
2860,B004QI8GMG
2861,B00K9WLCAQ
2862,B002VZYBWA
2863,0452289963
2864,B0728MTX2C
2865,B01L5UJ96E
2866,B00785Z0LE
2867,B00UGSE1ZQ
2868,B01066RY38
2869,B003MRIGUO
2870,B01CV692DQ
2871,B07747YB85
2872,B007R54NTU
2873,B008PYHMO0
2874,B074T8SWTS
2875,B01DPD26LE
2876,B01ADJWVVS
2877,B00DBOQ38A
2878,
2879,
2880,
2881,
2882,
2883,B073YCM9FQ
2884,B0744N2PRC
2885,B06XQ4GVZ9
2886,B06Y36JBYL
2887,B01GMPHCUC
2888,B074QR9VHG
2889,B01FG3AJ4M
2890,B06Y2GDMS5
2891,B01N1V04SO
2892,B01MY4V1FZ
2893,B073WZXNQ3
2894,B073WG2CPC
2895,B06XQ3W7JG
2896,B075QK1CRH
2897,B072QDLTHJ
2898,B01MU3MGRO
2899,B072VQ845H
2900,B072K3239C
2901,B073V3GFYG
2902,B0723FCFPT
2903,B06Y2FV4CM
2904,B0755HB7D3
2905,B075SBV6QV
2906,B00U3ZFX4K
2907,B073DNQ1SS
2908,B01MTNZGPA
2909,B07CK3CWW1
2910,B073DJNQH5
2911,B07C9VWCHG
2912,B01I247F6W
2913,B00KYYNLM6
2914,B01DX04D2O
2915,B01N7663FU
2916,B06Y1C6QZP
2917,B013R5T974
2918,B076646XKF
2919,B013R5RVYW
2920,B013R5RWV4
2921,B013R5THUI
2922,B013R5T92E
2923,B013R5THA8
2924,B073FPGL2C
2925,B013R5TGMM
2926,B076ZVWCQ1
2927,B07BRVV915
2928,B013R5TH44
2929,B07664BZB6
2930,B072LWP7RX
2931,B00WAXEEU2
2932,B013R5RVV0
2933,B079J6GVWR
2934,B01MRCG9JL
2935,B013R5T9TC
2936,B01JQ8UZQ0
2937,B013R5TGOU
2938,B01HU0YAM6
2939,B06XTY4HJT
2940,B01NBBXM9T
2941,B00YSXBETG
2942,B013R5RXA4
2943,B007OUZSWE
2944,B01MRLFRIK
2945,B00WAXEC2M
2946,B01DUPAOAC
2947,B073JSYBJQ
2948,B01HF7VVZS
2949,B01MQUDPPO
2950,B073DHMC8P
2951,B073S1DFHY
2952,B07BQHCRRG
2953,B07BX1W9TJ
2954,B01MRLH80P
2955,B00CRWDVZ0
2956,B07BV2YVRR
2957,B073HQRKK5
2958,B06XYVCJJ9
2959,B00RC2YM12
2960,B01LDIQS5S
2961,B00TA4LWK4
2962,B07BDQ13T9
2963,B01BH8KLH0
2964,B013R5TKUU
2965,B06Y49WDT7
2966,B01MRCEVDD
2967,B01F7TQGSI
2968,B013R5S5PQ
2969,B018TKT4V8
2970,B00S9M7M0W
2971,B00U2TF478
2972,B00TA4LSTY
2973,B07BT5QZSB
2974,B00YAO05C0
2975,B00C5KQU7A
2976,B009YR34AI
2977,B01412DXRO
2978,B00TA4LWGS
2979,B01HTZYWHU
2980,B00CTL31T0
2981,B00QXEW66S
2982,B073FQJJXQ
2983,B01412E1E8
2984,B01MQD64M1
2985,B013R5TL22
2986,B00HPYO8RA
2987,B00TA4LWNQ
2988,B013R5RW2I
2989,B009YR3804
2990,B06Y4BP95G
2991,B0091OKWV8
2992,B013R5TLBI
2993,B013R5S4NY
2994,B073W6HZVC
2995,B01MYNNIHG
2996,B010NZOARA
2997,B06XTKKZ1D
2998,B01ENS6FNK
2999,B00YUAXWL0
3000,B077MFZDLH
3001,B01LZPYS0Q
3002,B07C9CYFDZ
3003,B07CMHCMBN
3004,B077MMF9LC
3005,B01C9KPTUO
3006,B0741145CY
3007,B0161V8GCK
3008,B0774H789Y
3009,B072QBFZ36
3010,B01N9TYJFD
3011,B00YI24D3G
3012,B07CL4BBTC
3013,B075WH4T14
3014,B075NLVYDM
3015,B06Y3MRY7Z
3016,B079K6X9W4
3017,B07CJVQVSY
3018,B07CP48MWT
3019,B079DPW4N9
3020,B00KU4D5OO
3021,B07BHXWZ45
3022,B078H4BR8B
3023,B012N3FON4
3024,B0798N2JY9
3025,B07CLLJJV5
3026,B074G4S2MT
3027,B075SJFYCB
3028,B07BJB4NGY
3029,B07C55T3RV
3030,B004HAELLS
3031,B07CNH4CH5
3032,B07B1M7NTS
3033,B078SR7NB9
3034,B01ATZQ0YU
3035,B01EA1DW0E
3036,B01CLTM29E
3037,B01G4RTNGE
3038,B06WVDTK46
3039,B01LVXF17Q
3040,B016ARNFGW
3041,B07CR76BTB
3042,B01M0K7X5U
3043,B07CKYXKJX
3044,B078Y6Y7SN
3045,B07BY6MH4G
3046,B07C9TB4NW
3047,B000G01U80
3048,B07C1QZKXL
3049,B07CL4C3FV
3050,B07C9HHQ5B
3051,B01LY2N9BC
3052,B07F64TPFW
3053,B07CJRZ1KY
3054,B01FYDE9BS
3055,B07CRWBZCB
3056,B07CNVYJTV
3057,B00XFR372S
3058,B01MYQ6V5N
3059,B00AHCFZ5Q
3060,B00EPKC24S
3061,B07BJCWP45
3062,B01IPQFJTM
3063,B07C9WV14Z
3064,B01HZ8KUHC
3065,B073XV49S9
3066,B07BLNNCBS
3067,B0731M8QV1
3068,B01KVU4ZUY
3069,B01HYD4YOI
3070,B00UBNA2MW
3071,B01A0N0PME
3072,B072BKW6JY
3073,B07CJFNY14
3074,B01M9AIJR4
3075,B073VRS4S3
3076,B01EZJ9Y3K
3077,B071L7Y8ZC
3078,B01M6UQ1A1
3079,B01ECZ0EWW
3080,B000R8V0T0
3081,B073XP4295
3082,B07CNR6986
3083,B01JZSTDZK
3084,B06Y6426Q1
3085,B073798J1C
3086,B00XFSMW6E
3087,B01N956PAX
3088,B016C5EIIG
3089,B01M1FNJK0
3090,B0769QDF9H
3091,B077M5Q1XS
3092,B07CQFJHBW
3093,B01N03TVMO
3094,B01N7BKK4Y
3095,B01JKHB52A
3096,B078WHQXSB
